{
    "runs": [
        {
            "rundata": {
                "name": "Run 1",
                "timestamp": "2024-04-19 10:10:24",
                "model_type": "LCCDE"
            },
            "config": {
                "dataset": "CICIDS2017_sample_km",
                "test_data_percent": 0.2,
                "random_state": 0,
                "boosting_type": "Plain",
                "smote": {
                    "2": 1000,
                    "4": 1000
                }
            },
            "result": {
                "LightGBM_accuracy": 0.9975746268656717,
                "LightGBM_precision": 0.9975835844727018,
                "LightGBM_recall": 0.9975746268656717,
                "LightGBM_F1_score": 0.9975110835161974,
                "LightGBM_F1_classes_score": [
                    0.9983602077070238,
                    0.9948186528497409,
                    1.0,
                    0.9983633387888707,
                    0.7692307692307693,
                    0.9935483870967742,
                    0.9977827050997783
                ],
                "XGBoost_accuracy": 0.9968283582089552,
                "XGBoost_precision": 0.9968353695500414,
                "XGBoost_recall": 0.9968283582089552,
                "XGBoost_F1_score": 0.9968011698043479,
                "XGBoost_F1_classes_score": [
                    0.9978136102760317,
                    0.9909208819714657,
                    1.0,
                    0.9967266775777414,
                    0.8571428571428571,
                    0.9935483870967742,
                    0.9977827050997783
                ],
                "CatBoost_accuracy": 0.9955223880597015,
                "CatBoost_precision": 0.9955313150742037,
                "CatBoost_recall": 0.9955223880597015,
                "CatBoost_F1_score": 0.9954606836841732,
                "CatBoost_F1_classes_score": [
                    0.9971276159212146,
                    0.9922480620155039,
                    1.0,
                    0.9926650366748166,
                    0.7692307692307693,
                    0.9913793103448276,
                    0.9944629014396457
                ],
                "LCCDE_accuracy": 0.9975746268656717,
                "LCCDE_precision": 0.9975835844727018,
                "LCCDE_recall": 0.9975746268656717,
                "LCCDE_F1_score": 0.9975110835161974,
                "LCCDE_F1_classes_score": [
                    0.9983602077070238,
                    0.9948186528497409,
                    1.0,
                    0.9983633387888707,
                    0.7692307692307693,
                    0.9935483870967742,
                    0.9977827050997783
                ]
            }
        },
        {
            "rundata": {
                "name": "Run 2",
                "timestamp": "2024-04-19 10:15:18",
                "model_type": "LCCDE"
            },
            "config": {
                "dataset": "carHackingDataset_sample_km",
                "test_data_percent": 0.2,
                "random_state": 0,
                "boosting_type": "Plain",
                "smote": ""
            },
            "result": {
                "LightGBM_accuracy": 1.0,
                "LightGBM_precision": 1.0,
                "LightGBM_recall": 1.0,
                "LightGBM_F1_score": 1.0,
                "LightGBM_F1_classes_score": [
                    1.0,
                    1.0,
                    1.0,
                    1.0,
                    1.0
                ],
                "XGBoost_accuracy": 0.9999416228838295,
                "XGBoost_precision": 0.9999416290626099,
                "XGBoost_recall": 0.9999416228838295,
                "XGBoost_F1_score": 0.9999416153610208,
                "XGBoost_F1_classes_score": [
                    0.9999470759460175,
                    1.0,
                    0.9996893445169307,
                    1.0,
                    1.0
                ],
                "CatBoost_accuracy": 1.0,
                "CatBoost_precision": 1.0,
                "CatBoost_recall": 1.0,
                "CatBoost_F1_score": 1.0,
                "CatBoost_F1_classes_score": [
                    1.0,
                    1.0,
                    1.0,
                    1.0,
                    1.0
                ],
                "LCCDE_accuracy": 1.0,
                "LCCDE_precision": 1.0,
                "LCCDE_recall": 1.0,
                "LCCDE_F1_score": 1.0,
                "LCCDE_F1_classes_score": [
                    1.0,
                    1.0,
                    1.0,
                    1.0,
                    1.0
                ]
            }
        },
        {
            "rundata": {
                "name": "Run 3",
                "timestamp": "2024-04-19 10:28:51",
                "model_type": "LCCDE"
            },
            "config": {
                "dataset": "CICIDS2017_sample_km",
                "test_data_percent": 0.25,
                "random_state": 5,
                "boosting_type": "Plain",
                "smote": {
                    "2": 1500,
                    "4": 1500
                }
            },
            "result": {
                "LightGBM_accuracy": 0.9973134328358209,
                "LightGBM_precision": 0.9973216698256953,
                "LightGBM_recall": 0.9973134328358209,
                "LightGBM_F1_score": 0.9973151383922818,
                "LightGBM_F1_classes_score": [
                    0.998042201435719,
                    0.9947089947089947,
                    1.0,
                    0.9959404600811907,
                    1.0,
                    0.993993993993994,
                    0.9971671388101983
                ],
                "XGBoost_accuracy": 0.9970149253731343,
                "XGBoost_precision": 0.9970274813294484,
                "XGBoost_recall": 0.9970149253731343,
                "XGBoost_F1_score": 0.9970123752969315,
                "XGBoost_F1_classes_score": [
                    0.99782466826191,
                    0.9947201689545935,
                    1.0,
                    0.9952670723461798,
                    0.9333333333333333,
                    0.993993993993994,
                    0.9971617786187322
                ],
                "CatBoost_accuracy": 0.9970149253731343,
                "CatBoost_precision": 0.9970393558074742,
                "CatBoost_recall": 0.9970149253731343,
                "CatBoost_F1_score": 0.9970206144902458,
                "CatBoost_F1_classes_score": [
                    0.99782466826191,
                    0.9968253968253968,
                    1.0,
                    0.9945872801082544,
                    0.9411764705882353,
                    0.993993993993994,
                    0.996219281663516
                ],
                "LCCDE_accuracy": 0.9974626865671642,
                "LCCDE_precision": 0.9974718984450406,
                "LCCDE_recall": 0.9974626865671642,
                "LCCDE_F1_score": 0.9974645389754108,
                "LCCDE_F1_classes_score": [
                    0.9981507668878494,
                    0.9957716701902748,
                    1.0,
                    0.9959404600811907,
                    1.0,
                    0.993993993993994,
                    0.9971671388101983
                ]
            }
        },
        {
            "rundata": {
                "name": "Run 4",
                "model_type": "Tree Based",
                "timestamp": "2024-04-20 15:19:05"
            },
            "config": {
                "dataset": "CICIDS2017_sample",
                "test_data_percent": 0.2,
                "random_state": 0,
                "feature_trimming": 0.9,
                "model_types": [
                    "decision tree",
                    "random forest",
                    "extra trees",
                    "XGBoost"
                ],