{
    "runs": [
        {
            "rundata": {
                "name": "Run 1",
                "model_type": "LCCDE",
                "timestamp": "2024-04-26 09:54:18"
            },
            "config": {
                "dataset": "CICIDS2017_sample_km",
                "test_data_percent": 0.2,
                "random_state": 0,
                "boosting_type": "Plain",
                "smote": {
                    "2": 1000,
                    "4": 1000
                }
            },
            "result": {
                "LightGBM_accuracy": 0.9973880597014926,
                "LightGBM_precision": 0.9973955902335159,
                "LightGBM_recall": 0.9973880597014926,
                "LightGBM_F1_score": 0.9973618723900644,
                "LightGBM_F1_classes_score": [
                    0.998223315566489,
                    0.9922279792746114,
                    1.0,
                    0.9983633387888707,
                    0.8571428571428571,
                    0.9935483870967742,
                    0.9977827050997783
                ],
                "XGBoost_accuracy": 0.9973880597014926,
                "XGBoost_precision": 0.9973942497060515,
                "XGBoost_recall": 0.9973880597014926,
                "XGBoost_F1_score": 0.9973608687154877,
                "XGBoost_F1_classes_score": [
                    0.9983593109105825,
                    0.9909208819714657,
                    1.0,
                    0.99836867862969,
                    0.8571428571428571,
                    0.9935483870967742,
                    0.9977827050997783
                ],
                "CatBoost_accuracy": 0.996268656716418,
                "CatBoost_precision": 0.996272938196025,
                "CatBoost_recall": 0.996268656716418,
                "CatBoost_F1_score": 0.996204635633433,
                "CatBoost_F1_classes_score": [
                    0.9975396391470749,
                    0.9922279792746114,
                    1.0,
                    0.9967320261437909,
                    0.7692307692307693,
                    0.9913793103448276,
                    0.9944629014396457
                ],
                "LCCDE_accuracy": 0.9973880597014926,
                "LCCDE_precision": 0.9973955801115307,
                "LCCDE_recall": 0.9973880597014926,
                "LCCDE_F1_score": 0.9973607202009509,
                "LCCDE_F1_classes_score": [
                    0.998223315566489,
                    0.9922077922077922,
                    1.0,
                    0.9983660130718954,
                    0.8571428571428571,
                    0.9935483870967742,
                    0.9977827050997783
                ]
            }
        },
        {
            "rundata": {
                "name": "Run 2",
                "model_type": "LCCDE",
                "timestamp": "2024-04-26 09:59:33"
            },
            "config": {
                "dataset": "carHackingDataset_sample_km",
                "test_data_percent": 0.2,
                "random_state": 0,
                "boosting_type": "Plain",
                "smote": ""
            },
            "result": {
                "LightGBM_accuracy": 1.0,
                "LightGBM_precision": 1.0,
                "LightGBM_recall": 1.0,
                "LightGBM_F1_score": 1.0,
                "LightGBM_F1_classes_score": [
                    1.0,
                    1.0,
                    1.0,
                    1.0,
                    1.0
                ],
                "XGBoost_accuracy": 0.9999416228838295,
                "XGBoost_precision": 0.9999416290626099,
                "XGBoost_recall": 0.9999416228838295,
                "XGBoost_F1_score": 0.9999416153610208,
                "XGBoost_F1_classes_score": [
                    0.9999470759460175,
                    1.0,
                    0.9996893445169307,
                    1.0,
                    1.0
                ],
                "CatBoost_accuracy": 1.0,
                "CatBoost_precision": 1.0,
                "CatBoost_recall": 1.0,
                "CatBoost_F1_score": 1.0,
                "CatBoost_F1_classes_score": [
                    1.0,
                    1.0,
                    1.0,
                    1.0,
                    1.0
                ],
                "LCCDE_accuracy": 1.0,
                "LCCDE_precision": 1.0,
                "LCCDE_recall": 1.0,
                "LCCDE_F1_score": 1.0,
                "LCCDE_F1_classes_score": [
                    1.0,
                    1.0,
                    1.0,
                    1.0,
                    1.0
                ]
            }
        },
        {
            "rundata": {
                "name": "Run 3",
                "model_type": "MTH",
                "timestamp": "2024-04-22 13:46:57"
            },
            "config": {
                "dataset": "CICIDS2017_sample",
                "n_estimators_max": 200,
                "n_estimators_min": 10,
                "n_estimators_step": 1,
                "max_depth_max": 50,
                "max_depth_min": 5,
                "max_depth_step": 1,
                "max_features_max": 20,
                "max_features_min": 1,
                "max_features_step": 1,
                "min_samples_split_max": 11,
                "min_samples_split_min": 2,
                "min_samples_split_step": 1,
                "min_samples_leaf_max": 11,
                "min_samples_leaf_min": 1,
                "min_samples_leaf_step": 1,
                "learning_rate_mean": 0.01,
                "learning_rate_std": 0.9
            },
            "result": {
                "random_forest_accuracy": 0.996455223880597,
                "random_forest_precision": 0.9945703603344985,
                "random_forest_F1": 0.9945710671516839,
                "random_forest_recall": 0.994589552238806,
                "random_forest_hpo_accuracy": 0.996455223880597,
                "random_forest_hpo_precision": 0.9941221376350023,
                "random_forest_hpo_F1": 0.9940650075827617,
                "random_forest_hpo_recall": 0.9940298507462687,
                "decision_tree_accuracy": 0.996455223880597,
                "decision_tree_precision": 0.9917423545875195,
                "decision_tree_F1": 0.9914178093015364,
                "decision_tree_recall": 0.9912313432835821,
                "decision_tree_hpo_accuracy": 0.996455223880597,
                "decision_tree_hpo_precision": 0.9918431442111565,
                "decision_tree_hpo_F1": 0.991584689433042,
                "decision_tree_hpo_recall": 0.9914179104477612,
                "extra_trees_accuracy": 0.996455223880597,
                "extra_trees_precision": 0.9949776042187939,
                "extra_trees_F1": 0.9949349327589644,
                "extra_trees_recall": 0.9949626865671641,
                "extra_trees_hpo_accuracy": 0.996455223880597,
                "extra_trees_hpo_precision": 0.9951696633611259,
                "extra_trees_hpo_F1": 0.9951224118943993,
                "extra_trees_hpo_recall": 0.9951492537313433,
                "mth_ids_accuracy": 0.996455223880597,
                "mth_ids_precision": 0.9956903239550351,
                "mth_ids_F1": 0.9956895351138015,
                "mth_ids_recall": 0.9957089552238806,
                "mth_ids_hpo_accuracy": 0.9958955223880597,
                "mth_ids_hpo_precision": 0.9958771969610801,
                "mth_ids_hpo_F1": 0.9958762421495252,
                "mth_ids_hpo_recall": 0.9958955223880597
            }
        },
        {
            "rundata": {
                "name": "Run 4",
                "model_type": "Tree Based",
                "timestamp": "2024-04-26 10:20:15"
            },
            "config": {
                "dataset": "CICIDS2017_sample",
                "test_data_percent": 0.2,
                "random_state": 0,